﻿UEI,Start Date,End Date,Duration(Days),Main Cause,Location,Districts,State,Latitude,Longitude,Severity,Area Affected,Human fatality,Human injured,Human Displaced,Animal Fatality,Description of Casualties/injured,Extent of damage ,Event Source,Event Souce ID
UEI-IMD-FL-2015-0001,2015-06-20,2015-06-21,1,Heavy rains,NA,"East Godavari, Srikakulam, Visakhapatnam and West Godavari",ANDHRA  PRADESH,NA,NA,NA,NA,NA,NA,NA,NA,NA,i) Damage to 2000 hectares of crops reported. ii) Inundation of low lying areas,IMD,NA
UEI-IMD-FL-2015-0002,2015-11-15,2015-11-23,8,Heavy rains,NA,"Anantapur, Chittoor, East Godavari, Krishna, Nellore, Prakasam, West Godavari, YSR Kadapa",ANDHRA  PRADESH,NA,NA,NA,NA,88,NA,NA,16710,88 persons died. 16710 animals perished. (844 big animals 3986 small animals & 11880 poultry birds),"i) Extensive damage to Agricultural crops (more than 33% area i.e. 2.18 lakh hectares reported. ii) Rs.786.68/- estimated loss. iii) Damage to 32743 houses reported. iv) 5,673 families in 550 villages affected. v) Extensive damage to 1296.77 km roads reported. vi) Several trees/electric poles uprooted causing disruption in vehicular traffic & power supply.",IMD,NA
UEI-IMD-FL-2015-0003,2015-12-22,2015-12-22,0,Heavy rains,NA,Vishakhapatnam,ANDHRA  PRADESH,NA,NA,NA,NA,4,NA,NA,NA,4 persons died due to landslips,Landslips ,IMD,NA
UEI-IMD-FL-2015-0004,2015-10-06,2015-10-06,0,Heavy rains,NA,Parts of Arunachal Pradesh,ARUNACHAL PRADESH,NA,NA,NA,NA,2,NA,NA,NA,2 persons died.,NA,IMD,NA
UEI-IMD-FL-2015-0005,2015-02-19,2015-02-19,0,Heavy rains,NA,Parts of Assam,ASSAM,NA,NA,NA,NA,2,NA,NA,NA,2 persons died due to landslide,NA,IMD,NA
UEI-IMD-FL-2015-0006,2015-01-06,2015-06-06,151,Heavy rains,NA,"Barpeta, Dhemaji, Golpara",ASSAM,NA,NA,NA,NA,NA,NA,NA,NA,NA,About 900 people of 135 villages affected..,IMD,NA
UEI-IMD-FL-2015-0007,2015-09-06,2015-06-17,Diffing the dates,Flood(Brahmaputra and tributaries),NA,"Baksa, Barpeta, Darrang, Dhemaji,Dibrugarh, Goalpara Jorhat,Kamrup, Kamrup (M), Lakhimpur,Morigaon, Nagaon, Nalbari,Sivsagar, Sonitpur, and Tinsukia",ASSAM,NA,NA,NA,NA,3,NA,NA,NA,3 persons died in Sonitpur & Baksa,NA,IMD,NA
UEI-IMD-FL-2015-0008,2015-06-20,2015-06-24,4,Flood (Brahmaputra  and tributaries),NA,"Barpeta, Dhemaji, Lakhimpur, Morigaon and Tinsukia. ",ASSAM,NA,NA,NA,NA,1,NA,NA,NA,One person died.,i)About 27248 people of 72 villages affected.  ii) The crops about 1582 hectares of crop land affected.,IMD,NA
UEI-IMD-FL-2015-0009,2015-07-14,2015-07-17,3,Flood (Brahmaputra  and tributaries),NA,Parts of Assam,ASSAM,NA,NA,NA,NA,5,10,NA,NA,5 person died & 10 injured due to severe TS on 14th July,"i) 2,89,788 population affected. ii) Extensive damage to 174 villages reported. iii) Damage to cropland of area 18060 hectares reported.",IMD,NA
UEI-IMD-FL-2015-0010,2015-08-19,2015-08-23,4,Flood (Brahmaputra  and tributaries),NA,"Barpeta, Bongaigaon, Chirang, Darrang, Dhemaji, Dhubri, Dibrugarh, Golaghat, Goalpara Jorhat, Kamrup, Kokrajhar, Lakhimpur, Morigaon, Nagaon, Nalbari, Sivsagar, Sonitpur, and Tinsukia ",ASSAM,NA,NA,NA,NA,8,NA,NA,NA,8 persons died,"i) 5,76,537 population affected. ii) Extensive damage to 1200 villages reported. iii) Damage to cropland of area 55,553 hectares reported.",IMD,NA
UEI-IMD-FL-2015-0011,2015-08-25,2015-08-31,6,Flood (Brahmaputra  and tributaries),NA,"Barpeta, Baksa, Darrang, Dhemaji, Dhubri, Dibrugarh, Golaghat, Goalpara Jorhat, Kamrup, Kokrajhar, Lakhimpur, Morigaon, Nagaon, Nalbari, Sivsagar, Sonitpur, and Tinsukia ",ASSAM,NA,NA,NA,NA,7,NA,NA,NA,7 persons died,"i) 7,35,829 population affected. ii) Extensive damage to 1597 villages reported. iii) Damage to cropland of area 1,18,403 hectares reported.",IMD,NA
UEI-IMD-FL-2015-0012,2015-01-09,2015-12-09,334,Flood (Brahmaputra  and tributaries),NA,"Barpeta,Baksa,  Bongaigaon, Cachar, Darrang, Dhemaji, Dhubri, Dibrugarh, Golaghat, Goalpara Jorhat, Kamrup, Kamrup(M), Kokrajhar, Lakhimpur, Morigaon, Nagaon, Nalbari, Sivsagar, Sonitpur, and Tinsukia",ASSAM,NA,NA,NA,NA,28,NA,NA,NA,28 persons died.,"i)17,67,159 population affected. ii) Extensive damage to 2080 villages from 21 districts reported. iii) Damage to cropland of area 1,72,308 hectares reported. ",IMD,NA
UEI-IMD-FL-2015-0013,2015-09-23,2015-09-25,2,Heavy rains,NA,"Dhemaji, Goalpara Kamrup and Lakhimpur",ASSAM,NA,NA,NA,NA,NA,NA,NA,NA,NA,"i) 23,497 population affected. ii) Extensive damage to 48 villages reported. iii) Damage to cropland of area 2383 hectares reported. ",IMD,NA
UEI-IMD-FL-2015-0014,2015-07-24,2015-07-24,0,Heavy Rains,NA,Parts of Bihar,BIHAR,NA,NA,NA,NA,2,NA,NA,NA,2 persons died.,"Several trees / electric poles uprooted causing disruption in telecommunication services, vehicular traffic & power supply. ",IMD,NA
UEI-IMD-FL-2015-0015,2015-03-09,2015-03-09,0,Heavy rains,NA,Mungeli,CHATTISGARH,NA,NA,NA,NA,1,4,NA,NA,One child died &  4 persons injured. ,"Several trees / electric poles uprooted causing disruption in telecommunication services, vehicular traffic & power supply",IMD,NA
UEI-IMD-FL-2015-0016,2015-09-18,2015-09-22,4,Heavy rains,NA,"Bastar, Mahasamund Raipur, Rajnandgaon ",CHATTISGARH,NA,NA,NA,NA,2,4,NA,NA,2 persons died &  4 others injured,"Several trees / electric poles uprooted causing disruption in telecommunication services, vehicular traffic & power supply. ",IMD,NA
UEI-IMD-FL-2015-0017,2015-01-06,2015-09-30,267,Heavy rains & Flash Floods (Shatrunjaya river),NA,Saurashtra & Kutch,CHATTISGARH,NA,NA,NA,NA,70,NA,NA,9053,70 people died & 9053 animals perished. ,i)Loss of Rs.1896.87 Crore reported.  ii) 40 lakh population affected. iii) Worst affected district was Amreli. ,IMD,NA
UEI-IMD-FL-2015-0018,2015-03-04,2015-04-04,31,Heavy rains,NA,Shimla,HIMACHAL PRADESH,NA,NA,NA,NA,1,NA,NA,NA,One woman died in Shimla due to landslide,NA,IMD,NA
UEI-IMD-FL-2015-0019,2015-06-20,2015-06-21,1,Heavy rains (Cloud Burst),NA,Chamba,HIMACHAL PRADESH,NA,NA,NA,NA,1,NA,NA,NA,One woman died in Chamba Dist. due to cloud burst.,i) Damage to crops due to flash floods & cloud burst reported. ii) Damage to 6 houses reported. iii) Damage to 2 power projects reported.,IMD,NA
UEI-IMD-FL-2015-0020,2015-10-07,2015-11-07,31,Heavy rains,NA,"Hamirpur, Kangra, Kullu, Mandi, Shimla and  Sirmaur",HIMACHAL PRADESH,NA,NA,NA,NA,NA,NA,NA,NA,NA,i)Power projects shut down in Shimla & Kullu Dist. ii) Air India flights cancled at Gaggal Airport. iii) Roads blocked due to landslides. iv) The Bora Bhangal valley of Kangra Dist. cut off as Hanny bridge collapsed due to flash floods.,IMD,NA
UEI-IMD-FL-2015-0021,2015-07-16,2015-07-17,1,Heavy rains (Cloud Burst),NA,"Hamirpur, Kangra, Shimla Sirmaur and Solan ",HIMACHAL PRADESH,NA,NA,NA,NA,3,NA,NA,NA,3 worker washed away due to cloud burst at Puncha Nallah in Kullu Dist,i)Damage to crops reported. ii) 2 trucks loaded with material washed away in Solan Dist. iii) Bridge collapsed at Sadhupul Khud in Solan Dist. ,IMD,NA
UEI-IMD-FL-2015-0022,2015-07-26,2015-07-26,0,Heavy rains,NA,Shimla ,HIMACHAL PRADESH,NA,NA,NA,NA,3,NA,NA,NA,3   persons   including  2   children  died   due  to  landslide. ,NA,IMD,NA
UEI-IMD-FL-2015-0023,2015-08-08,2015-12-08,122,Heavy rains (Flood in Swan river),NA,"Bilaspur, Chamba, Hamirpur, Kangra,  Mandi, Shimla, Sirmaur, Una",HIMACHAL PRADESH,NA,NA,NA,NA,4,2,NA,NA,") 3 persons died due to landslide. One man swept away in Swan river, Una Dist. & 2 persons missing. ii) Several cattle heads perished.","i) Damage to vegetables & Maize   crops reported. ii) A bus stand at Dharampur, Dist. Mandi inundated. iii) Several vehicles washed away in flashflood. iv) 100 shops submerged. v) Several roads including Theog Hatkoti road, Kangra - Dharamshala NH-88 roads blocked due to landslides",IMD,NA
UEI-IMD-FL-2015-0024,2015-08-19,2015-08-19,0,Heavy rains,NA,Kullu,HIMACHAL PRADESH,NA,NA,NA,NA,10,NA,NA,NA,10 persons died due to landslide.,Landslide,IMD,NA
UEI-IMD-FL-2015-0025,2015-03-21,2015-03-21,0,Heavy rains,NA,Pulwama,JAMMU & KASHMIR,NA,NA,NA,NA,1,1,NA,NA,One person died & one injured due to house collapsed by landslide,NA,IMD,NA
UEI-IMD-FL-2015-0026,2015-03-30,2015-03-30,0,Heavy rains,NA,Budgam,JAMMU & KASHMIR,NA,NA,NA,NA,16,NA,NA,NA,16 persons died due to landslide,i) Damage to 18 houses reported.  ii) National highway remained closed,IMD,NA
UEI-IMD-FL-2015-0027,2015-04-04,2015-04-04,0,Heavy rains,NA,Jammu & Kashmir ,JAMMU & KASHMIR,NA,NA,NA,NA,24,NA,NA,NA,24 persons died due to landslide & landslips,Massive Landslide,IMD,NA
UEI-IMD-FL-2015-0028,2015-06-07,2015-06-07,0,Cloud Burst,NA,Pulwama,JAMMU & KASHMIR,NA,NA,NA,NA,1,NA,NA,NA,One woman died,NA,IMD,NA
UEI-IMD-FL-2015-0029,2015-09-07,2015-07-16,Diffing the dates,Heavy rains,NA,"Anantnag, Ganderbal ",JAMMU & KASHMIR,NA,NA,NA,NA,11,2,NA,NA,11 persons died &  2 others missing,i) Several villages washed away. ii) Damage to about 50 houses reported. iii) Extensive damage to Government owned Trout Fish Hatcheries reported.  ,IMD,NA
UEI-IMD-FL-2015-0030,2015-07-24,2015-07-24,0,Cloud Burst,NA,Jammu,JAMMU & KASHMIR,NA,NA,NA,NA,3,NA,NA,NA,3 persons died.,Damage to several houses reported,IMD,NA
UEI-IMD-FL-2015-0031,2015-07-25,2015-07-31,6,Heavy Rain & Flash Flood,NA,"Badgam, Ganderbal, Kishtwar, Ramban ",JAMMU & KASHMIR,NA,NA,NA,NA,4,19,NA,NA,4 persons died & 19 other injured near base camp of Amarnath yatra at Baltal.,i) Damage to Agricultural land reported. ii) Damage to several Govt. buildings & residential houses reported.,IMD,NA
UEI-IMD-FL-2015-0032,2015-09-23,2015-09-23,0,Heavy Rain & Flash Flood,NA,"Anantnag, Kulgam ",JAMMU & KASHMIR,NA,NA,NA,NA,NA,NA,NA,NA,NA,"i) Damage to Orchards and standing crops reported. ii) Damage to a dozen houses, two school buildings and several cowsheds reported. ",IMD,NA
UEI-IMD-FL-2015-0033,2015-06-03,2015-03-14,Diffing the dates,Heavy rains,NA,"Ballari, Dakshina Kannada, Gadag, Hassan, Uttar Kannada",KARNATAKA,NA,NA,NA,NA,1,NA,NA,4,1 man died temple wall collapse. 4 cattle heads perished.,"i)Damage to standing crops & Mango, Banana trees reported. ii) Damage to 8 houses reported.",IMD,NA
UEI-IMD-FL-2015-0034,2015-07-04,2015-12-04,153,Heavy rains,NA,"Ballari,  Bidar, Hassan, Kodagu, Raichur ",KARNATAKA,NA,NA,NA,NA,4,1,NA,NA,4 persons died & One girl injured due to roof  of house collapsed,"i) Damage to Paddy crops, thousands of Banana plants, hundreds of Coconut trees & Rice bags reported ii) Damage to many houses reported. iii)  Damage to about 250 Tin-sheds reported. iv)  Many trees/electric poles uprooted. ",IMD,NA
UEI-IMD-FL-2015-0035,2015-04-22,2015-04-23,1,Heavy rains,NA,"Bangalore Urban, Shimoga,  Tumkur",KARNATAKA,NA,NA,NA,NA,1,4,NA,NA,One person died due  to wall collapse in Bangalore Urban &  4 persons injured in Shimoga Dist,"i) Damage to Banana, Coconut, Mango, Jackfruit trees reported. ii) Damage to several houses reported. iii) Damage worth lakhs rupees reported.  iv) Many trees / electric poles uprooted",IMD,NA
UEI-IMD-FL-2015-0036,2015-04-05,2015-11-05,214,Heavy rains,NA,"Raichur, Tumkur ",KARNATAKA,NA,NA,NA,NA,2,1,NA,NA,2 persons died & one other injured due to wall collapse ,Damage to Paddy crops resulting loss of lakhs of rupees reported. ,IMD,NA
UEI-IMD-FL-2015-0037,2015-05-27,2015-05-31,4,Heavy rains,NA,"Bangalore Rular, Bangalore Urban, Chitradurga, Hassan ",KARNATAKA,NA,NA,NA,NA,1,4,NA,NA,One person died &  4 other injured,"Damage to more than 3000 Banana plants, Onion crop in 40 acre land, Coconut trees, pomegranate, Betel nuts reported. ii) Damage to Rose garden causing loss of lakhs of rupees reported. iii) Damage to many houses reported.  ",IMD,NA
UEI-IMD-FL-2015-0038,2015-06-20,2015-06-25,5,Heavy rains & Flood,NA,"Chickmangalur, Dakshina Kannada, Hassan,  Kodagu, Shimoga ",KARNATAKA,NA,NA,NA,NA,8,8,NA,NA,8 persons died &  8 persons injured. ,i) Damage to Betel nut crops reported. ii) Damage to many houses reported.  iii) About 400 electric poles uprooted causing disruption in power supply for a week,IMD,NA
UEI-IMD-FL-2015-0039,2015-10-07,2015-07-20,Diffing the dates,Heavy rains,NA,"Bellary ,Dakshina Kannada, Udupi ",KARNATAKA,NA,NA,NA,NA,10,NA,NA,NA,10 persons died,NA,IMD,NA
UEI-IMD-FL-2015-0040,2015-09-29,2015-09-29,0,Heavy rains,NA,Uttara Kannada ,KARNATAKA,NA,NA,NA,NA,NA,NA,NA,NA,NA,Damage to 200 acres of Sugarcane & 70 acres of Banana plantation reported. ,IMD,NA
UEI-IMD-FL-2015-0041,2015-01-10,2015-04-10,90,Heavy rains,NA,"Bagalkot, Belgaum, Bellary, Chitradurga, Davangere, Dharwad, Gulbarga, Tumkur ",KARNATAKA,NA,NA,NA,NA,4,NA,NA,NA,4 died,"Damage to crops standing crops of Sugarcane, Tobacco & sowing grains of Jowar, Cotton, and Paddy crops reported. ii) Damage to several houses reported. iii)  A small bridge collapsed causing inundating the road & disruption in traffic. iv)  Several trees uprooted.",IMD,NA
UEI-IMD-FL-2015-0042,2015-02-11,2015-02-11,0,Heavy rains,NA,Chitradurga,KARNATAKA,NA,NA,NA,NA,NA,NA,NA,NA,NA,6 houses collapsed,IMD,NA
UEI-IMD-FL-2015-0043,2015-03-03,2015-09-03,184,Heavy rains,NA,"Alappuzha, Ernakulam, Kottayam, Malappuram, Thrissur,  Pathanamthitta",KERALA,NA,NA,NA,NA,NA,NA,NA,NA,NA,"Damage to Paddy fields, vegetable plantations, thousands of Banana crops, Betel-leaves, Tapioca, Yam, Nutmeg Coconut trees, fruit crops etc. reported. ii) Roof of Co-operative bank building & a school building blown away causing damage to all files in the staff-room.  iii) Rice sacks kept for afternoon meals for school children extensively damaged in Pathanamthitta Dist. iv) Damage to several houses reported. v) Several trees / electric poles uprooted causing disruption in telecommunication services vehicular traffic & power supply",IMD,NA
UEI-IMD-FL-2015-0044,2015-03-13,2015-03-17,4,Heavy rains,NA,"Alappuzha, Kottayam, Thrissur, Thiruvananthapuram ",KERALA,NA,NA,NA,NA,NA,3,NA,NA,3 person injured Thiruvananthapuram Dist.,"Damage to thousands of Banana crops, vegetable plantation & Coconut, Teak, Jackfruit, Nutmeg trees reported. ii) Damage to several houses reported. iii) Boat capsized causing damage to several fishing equipments. In Alappuzha Dist. iv) Rs.12 lakhs worth damage reported.  v) Several trees / electric poles uprooted causing disruption in telecommunication services vehicular traffic & power supply. vi) Several electric cable lines damaged completely",IMD,NA
UEI-IMD-FL-2015-0045,2015-03-27,2015-03-31,4,Heavy rains,NA,"Alappuzha, Pathanamthitta ",KERALA,NA,NA,NA,NA,NA,NA,NA,NA,NA,"i) Damage to around 3500 Banana plantation uprooted. Damage to Tapioca, Bitter gaud crops & Cashew, Jackfruit, Peepal trees reported. ii) Damage to 3 acers of cultivation land & Gingily crops reported.  iii) Several road side trees uprooted causing disruption in vehicular traffic. iv) Several electric cable lines damaged causing disruption in power supply. v) Damage to worth Rs.15 lakhs according to Agriculture Department reported. vi) Partial damage to 58 houses in Haripad town reported",IMD,NA
UEI-IMD-FL-2015-0046,2015-06-04,2015-10-04,122,Heavy rains,NA,"Alappuzha, Ernakulam, Palakkad, Idukki, Kollam ",KERALA,NA,NA,NA,NA,NA,1,NA,NA,1 person injured,"Damage to 250 acres of Paddy crops, 500 Banana plantation, vegetables & Gingili crops reported.  ii) Damage to worth Rs.30,000/- reported. iii) Several trees / electric poles uprooted causing disruption in vehicular traffic & power supply for few hours.",IMD,NA
UEI-IMD-FL-2015-0047,2015-11-04,2015-04-16,Diffing the dates,Heavy rains,NA,"Ernakulam, Idukki, Kollam, Kozhikode,  Malappuram,  Pathanamthitta, Thiruvananthapuram,Wayanad ",KERALA,NA,NA,NA,NA,NA,5,NA,NA,5 persons injured,"i) Damage to more than 12,000 Banana plantation, more than 350 acres of vegetable cultivation & Teak, Rubber trees reported. ii) Damage to several houses reported.  iii) Approx Rs. 8 lakhs worth damage reported.  iv) Several trees uprooted & fell across the road causing damage to small vendors & traffic disruption",IMD,NA
UEI-IMD-FL-2015-0048,2015-04-19,2015-04-25,6,Heavy rains,NA,"Alappuzha, Idukki, Kasaragod, Kannur, Malappuram,  Palakkad, Pathanamthitta,  Thiruvananthapuram",KERALA,NA,NA,NA,NA,1,13,NA,NA,2 persons injured in Idukki Dist. 3 persons injured in Kannur Dist. due to wall collapsed. One person injured in Malappuram Dist. 2 persons injured in Palakkad Dist. One person died &  5 persons seriously injured in Thiruvananthapuram Dist.,"Alappuzha: i) Vegetable crops e.g. Beans, Pumkin, Cucumber submerged. ii) Alappuzha ÃƒÆ’Ã‚Â¢ÃƒÂ¢Ã¢â‚¬Å¡Ã‚Â¬ÃƒÂ¢Ã¢â€šÂ¬Ã…â€œ Kottayam Pathanamthitta road traffic disrupted iii) Several areas submerged. iv) Low-lying areas flooded. Idukki: i) Severe damage to Agriculture crops including Rubber Teak, Banana, Arecanut, Cardmon and Coconut reported. ii) Damage to 3 houses fully & 4 houses partially reported Kasaragod: i) Damage to 50 houses fully & 20 houses partially reported. ii) Damage to 15,000 Banana plantation, Rubber, Nutmeg, Coconut & more than 100 acres of agriculture crops reported. iii) Loss worth cores as per Krishi Bhavan authorities reported Kannur : Damage to Banana & vegetable crops reported. Malappuram: i) Damage to 100 acres of agricultural land & 2220 Banana plantation reported. ii) Loss worth lakhs rupees reported. iii) Several trees including 25 Coconut, Arecanuts uprooted. Palakkad: i) Damage to more than 10,000 Banana crops reported. ii) Damage to more than 20 houses reported. iii) Rs.1.5 crores worth damage estimated. iv) Several trees, 25 electric poles uprooted causing disruption in vehicular traffic & power supply. Pathanamthitta:  i) Damage to 20 acres of agricultural land reported. ii) 15 shops inundated. iii) Damage to several vehicles, computers and motors of different shops reported. Thiruvananthapuram: i) Extensive damage to Agricultural crops Banana, Tapioca,    vegetable in Meenmootil, Vamanapuram, Nelimood, Neyyattinkara, Vellarada etc. reported. ii) City area, Coastal areas, low-lying areas & several houses in Poovar, Kanjiramkulam, Pulluvilla & Vanjiyoor police station flooded. iii) Damage to about one hundred houses reported. iv) Damage to Thycaud-Women & child hospital reported. v) Several trees/electric poles uprooted causing disruption in telecommunication services vehicular traffic & power supply. vi) Loss worth lakhs of  rupees reported. ",IMD,NA
UEI-IMD-FL-2015-0049,2015-04-26,2015-04-30,4,Heavy rains,NA,"Alappuzha, Ernakulam, Kannur, Kottayam, Malappuram, Pathanamthitta Thiruvananthapuram,Wayanad",KERALA,NA,NA,NA,NA,NA,2,NA,NA,One person injured in Kannur Dist. One person injured in Kottayam Dist.,"Alappuzha : i) More than 200 fishermen families affected. ii) Damage to 7 boats, nets, engine & fishing equipments in NeerkunamPounnapra coastal area reported. iii) Around 15 lakhs rupees worth damage reported Ernakulam: i) Damage to 200 Banana & Rubber Coconut, vegetable crops reported. ii) Damage to Agriculture crops worth lakhs of rupees reported. iii) Damage to several houses reported. iv) Irrigation & drinking water supply disrupted. Kannur: i) Damage to 50 houses reported. ii) Damage to 300 acres of agriculture crops reported. Kottayam: i) Damage to hundreds of Rubber, Banana, Tapioca, Teak Coconut & vegetable crops reported. ii) Damage to few houses reported. Malappuram: i) Around 5000 hectares of Paddy fields flooded. ii) Seeds ready for harvest, fell & got sprouted. Pathanamthitta : i) Damage to 2500 Tapioca plantation reported. ii) Damage to 5 houses reported. Thiruvananthapuram & Wayanad i) Thousands of Banana plantations uprooted. ii) Several electric cable lines damaged. ",IMD,NA
UEI-IMD-FL-2015-0050,2015-03-05,2015-05-05,61,Heavy rains,NA,"Ernakulam, Idukki, Kannur, Palakkad, Thrissur, Thiruvananthapuram",KERALA,NA,NA,NA,NA,NA,2,NA,NA,2 persons injured as uprooted tree fell over the ca,"i) Damage to more than 2500 Banana crops reported & severe loss to Nutmeg, Tapioca & vegetable reported. ii) Damage to more than 80 houses reported. iii) Damage to portion of a school building, portion of a mosque reported. iv) Damage to several electric cable lines including 11 KV electric lines reported. v) Several trees uprooted causing disruption in vehicular traffic & power supply",IMD,NA
UEI-IMD-FL-2015-0051,2015-07-05,2015-09-05,62,Heavy rains,NA,"Kottayam, Palakkad, Thrissur",KERALA,NA,NA,NA,NA,NA,1,NA,NA,One person injured in Palakkad Dist,"Kottayam : i) Damage to Agriculture crops reported. ii) Transformer collapsed. iii) Damage to few houses reported. iv) Damage worth Rs. 4 lakhs reported by KSEB (Kerala State Electricity Board) authorities. Palakkad & Thrissur: i) Damage to more than 70 houses (Pookotkavu village - 40, Srikrishnapuram village - 29) reported. ii) Damage to around 400 plantations reported. iii) 15 Rubber trees & more than 50 electric poles uprooted causing disruption in vehicular traffic & power supply. iv) Damage to Anganwadi building reported as uprooted tree fell over it. v) Water supply disrupted for 2 days",IMD,NA
UEI-IMD-FL-2015-0052,2015-10-05,2015-05-14,Diffing the dates,Heavy rains,NA,"Ernakulam, Idukkai, Kannur, Kasaragod, Kollam, Kozhikode, Mallapuram, Palakkad, Thrissur, Wayanad",KERALA,NA,NA,NA,NA,NA,4,NA,NA,4 persons injured,"i) Damage to Agriculture crops Banana, Rubber crops & 500 acres of Paddy fields reported. ii) Damage to several houses reported. iii) Water logging in low lying areas. iv) Loss worth Rs.60,000/-. v) Well caved in. vi) A huge tree uprooted & fell across Kozhikode-Vythiri-Ooty State Highway causing traffic disruption",IMD,NA
UEI-IMD-FL-2015-0053,2015-05-15,2015-05-28,13,Heavy rains,NA,"Kasaragod, Kollam, Thiruvananthapuram",KERALA,NA,NA,NA,NA,5,15,NA,NA,"5 persons died in Pozhiyoor, Thiruvananthapuram Dist. 15 persons injured in Thiruvananthapuram Dis","Kasaragod: Worth rupees One lakh damage reported. Kollam: i) Extensive damage to Agricultural crops mainly Banana, Tapioca crops reported. ii) 6 houses inundated. iii) Low-lying areas, fields & NeduvathurPalmootti canal flooded. iv) Damage to house-hold electric appliances & wiring reported. v) Several trees uprooted causing disruption in vehicular traffic & power supply. Thiruvananthapuram: i) Agriculture crops including Banana, Rubber crops submerged. ii) Around 650 farmers affected. iii) Low-lying areas flooded. iv) Damage to more than 300 houses reported. v) People shifted to relief camps. vi) Eastfort, Killipalam, Karmana, Poojappura & Pazhavangadi areas innundated. vii) Thampanoor railway station, Bus stand, bus terminus flooded. viii) Several trees/electric poles uprooted causing disruption in vehicular traffic & power supply. ix) Varkala beach area affected",IMD,NA
UEI-IMD-FL-2015-0054,2015-08-06,2015-06-16,Diffing the dates,Heavy rains,NA,"Alappuzha, Kannur, Kollam, Thrissur, Thiruvananthapuram",KERALA,NA,NA,NA,NA,1,1,NA,NA,One person injured in Kollam Dist. One person died due to wall collapsed in Thrissur Dist.,Alappuzha : i) Damage to two acres of Banana crops reported. ii) Damage to 10 houses reported. iii) 26 families of 90 persons shifted to relief camps. iv) Water supply disrupted in beach areas. Kannur : District office of Kerala Aided School EmployeesÃƒÆ’Ã‚Â¢ÃƒÂ¢Ã¢â‚¬Å¡Ã‚Â¬ÃƒÂ¢Ã¢â‚¬Å¾Ã‚Â¢ Provident fund caved in. Kollam :  Damage to a house reported as coconut tree uprooted fell over it. Thrissur :i) Damage to 5 houses reported. ii) Low-lying areas inundated. iii) Severe waterlogging in the low-lying areas.Thiruvananthapuram : i) Damage to 15 houses reported. ii) Damage to Fiber boat factory reported. iii) Around One lakh rupees worth damage reported.  iv) Several trees uprooted.,IMD,NA
UEI-IMD-FL-2015-0055,2015-06-19,2015-06-29,10,Heavy rains,NA,"Alappuzha, Ernakulam, Idukki, Kasaragod, Kottayam, Kozhokode, Palakkad, Pathanamthitta, Thrissur, Thiruvananthapuram, Wayanad ",KERALA,NA,NA,NA,NA,NA,NA,NA,NA,NA,NA,IMD,NA
UEI-IMD-FL-2015-0056,2015-07-18,2015-07-20,2,Heavy Rain,NA,Kannur,KERALA,NA,NA,NA,NA,NA,NA,NA,NA,Heavy Rain ,i) Damage to 465 hectares of land & Rs. 3.76 crore of crops reported. ii) Damage to 8 houses fully & 416 houses partially reported. Property loss of Rs.97.92 lakh reported.,IMD,NA
UEI-IMD-FL-2015-0057,2015-12-08,2015-12-08,0,Heavy Rain,NA,Kannur,KERALA,NA,NA,NA,NA,NA,NA,NA,NA,NA,i) Complete damage to one house reported. ii) 2 lakhs rupees worth damage reported.   ,IMD,NA
UEI-IMD-FL-2015-0058,2015-05-09,2015-06-09,31,Heavy Rain,NA,"Pathanamthitta, Thiruvananthapuram ",KERALA,NA,NA,NA,NA,NA,NA,NA,3000,Around 3000 hens perished in Thiruvananthapuram,"Pathanamthitta : Loss of worth Rs.3 lakhs reported as compound wall of a house collapsed. Thiruvananthapuram : i) Damage to Agricultural crops including Rubber plantation, Banana, Tapioca worth crores reported. ii) Damage to several shops, workshops, Govt. Dept., houses, bridges Oil-mill completely submerged causing damage worth Rs.8 lakhs. iii) Medicines of worth Rs.3 lakhs damaged, as Anand Veterinary hospital inundated. iv) Low lying areas inundated. v) 200 houses marooned.",IMD,NA
UEI-IMD-FL-2015-0059,2015-09-27,2015-09-28,1,Heavy Rain,NA,"Kannur, Wayanad",KERALA,NA,NA,NA,NA,NA,NA,NA,NA,NA,i) Damage to 3.5 acres of Paddy crops reported. ii) Loss worth lakhs of rupees reported as 2 acres of land damaged. iii) Many roads washed away,IMD,NA
UEI-IMD-FL-2015-0060,2015-08-10,2015-09-10,31,Heavy Rain,NA,Thiruvananthapuram,KERALA,NA,NA,NA,NA,NA,1,NA,NA,One person injured,"i) Damage to Agricultural crops including Rubber, Coconut trees reported. ii) Damage to more than 150 houses reported.",IMD,NA
UEI-IMD-FL-2015-0061,2015-10-30,2015-10-31,1,Heavy Rain,NA,Thiruvananthapuram,KERALA,NA,NA,NA,NA,NA,NA,NA,100,More than 100 hens perished.,i) Extensive damage to Agricultural crops reported. ii) About 150 houses inundated. iii) Low lying areas flooded. iv) Several trees / electric poles uprooted causing disruption in vehicular traffic & power supply,IMD,NA
UEI-IMD-FL-2015-0062,2015-01-11,2015-11-21,314,Heavy Rain,NA,"Ernakulam, Malappuram, Pathanamthitta, Thiruvananthapuram",KERALA,NA,NA,NA,NA,2,NA,NA,NA,2 persons died,"i) Damage to Agricultural crops including Banana, Tapioca, Betelleaves, vegetables reported. ii) Several houses inundated & complete damage to 11 houses reported. iii) Many people shifted to safer places. iv) Damage to about 70 vehicles reported. v) Several trees/electric poles uprooted causing disruption in vehicular traffic & power supply",IMD,NA
UEI-IMD-FL-2015-0063,2015-08-12,2015-12-19,129,Heavy Rain,NA,"Alappuzha, Thiruvananthapuram",KERALA,NA,NA,NA,NA,NA,NA,NA,NA,NA,"i) Damage to more than 2000 acres of Paddy cultivation and agricultural crops including Rubber, Banana, Tapioca, Yam, vegetables reported. ii) Low lying areas flooded. iii) Tones of the seeds washed away. iv) Several trees/electric poles uprooted causing disruption in vehicular traffic & power supply",IMD,NA
UEI-IMD-FL-2015-0064,2015-07-19,2015-07-21,2,Heavy rains & Floods in Kshipra river,NA,"Betul, Burhanpur, Harda, Indore, Khandwa Sehore, Ujjain, Vidisha",MADHYA PRADESH,NA,NA,NA,NA,15,5,NA,NA,15 persons died including 5 people swept away in flood water.,"i) About 6300 people affected. ii) Railway, Bus, electricity & telephone services disrupted",IMD,NA
UEI-IMD-FL-2015-0065,2015-08-13,2015-08-13,0,Flood,NA,Betul,MADHYA PRADESH,NA,NA,NA,NA,1,NA,NA,NA,One woman swept away,NA,IMD,NA
UEI-IMD-FL-2015-0066,2015-07-06,2015-06-16,Diffing the dates,Heavy rains,NA,"Aurangabad, Beed, Hingoli., Jalna, Latur, Nanded, Osmanabad, Parbhani",MAHARASHTRA,NA,NA,NA,NA,17,NA,NA,NA,17 persons died,i) Roofs of houses blown away. ii) Several trees / electric poles uprooted causing disruption in vehicular traffic & power supply,IMD,NA
UEI-IMD-FL-2015-0067,2015-06-23,2015-06-23,0,Heavy rains,NA,a) Pune b) Nagpur ,MAHARASHTRA,NA,NA,NA,NA,6,NA,NA,NA,3 persons died due to landslide on Pune Express way. 3 persons died in Nagpur,i) Several areas inundated. ii) Normal life paralyzed,IMD,NA
UEI-IMD-FL-2015-0068,2015-07-20,2015-07-20,0,Heavy rains,NA,Pune,MAHARASHTRA,NA,NA,NA,NA,2,3,NA,NA,2 persons died & 3 other injured due to landslide on car on Pune Express way,NA,IMD,NA
UEI-IMD-FL-2015-0069,2015-07-28,2015-07-28,0,Heavy rains,NA,Mumbai,MAHARASHTRA,NA,NA,NA,NA,4,NA,NA,NA,4 persons died at Vakola Santacruz,NA,IMD,NA
UEI-IMD-FL-2015-0070,2015-07-29,2015-07-29,0,Heavy rains,NA,"Mumbai, Mumbai Suburban, Thane ",MAHARASHTRA,NA,NA,NA,NA,9,10,NA,NA,9 persons died & 10 injured.,NA,IMD,NA
UEI-IMD-FL-2015-0071,2015-06-08,2015-08-14,67,Heavy rains,NA,"Akola, Amravati, Chandrapur, Nagpur, Wardha ",MAHARASHTRA,NA,NA,NA,NA,8,1,NA,NA,7 persons died & one cyclist swept away in Nagpur . One teenage injured due to wall collapsed in Chandrapur Dist.,"i) Wide spread damage to crops reported.  ii) Damage to many houses reported. iii) Thousands of people affected. iv) Water logging in at most places including Railway Station, Bus stand & over bridge.  v) Several trees/electric poles uprooted causing disruption in vehicular traffic & power supply.",IMD,NA
UEI-IMD-FL-2015-0072,2015-06-17,2015-06-17,0,Heavy rains,NA,Parts of Meghalaya ,MEGHALAYA,NA,NA,NA,NA,5,NA,NA,NA,5 persons died,NA,IMD,NA
UEI-IMD-FL-2015-0073,2015-01-08,2015-01-08,0,Heavy rains,NA,Keonjhar,ODISHA,NA,NA,NA,NA,1,NA,NA,NA,One person died. ,NA,IMD,NA
UEI-IMD-FL-2015-0074,2015-02-08,2015-02-08,0,Heavy rains,NA,"Angul, Keonjhar ",ODISHA,NA,NA,NA,NA,5,NA,NA,NA,5 persons drowned,NA,IMD,NA
